company_name,company_number,company_status,company_type,date_of_cessation,date_of_creation,sic_codes,company_subtype,address_line_1,locality,postal_code,address_line_2,region,country,SICCODE_0,SICCODE_1,SICCODE_2,SICCODE_3,Value,,,,,,,,,,,,,,,,,,,,,,,,,,,,,,,,
WAVEDENT LTD,7826361,active,ltd,,27-10-2011,['86230'],,17 Hawes Street,Ipswich,IP2 8RL,,Suffolk,England,86230,,,,TRUE,,,,,,,,,,,,,,,,,,,,,,,,,,,,,,,,
SDL REALISATIONS 2020 LIMITED,7827872,liquidation,ltd,,28-10-2011,['86230'],,C/O Teneo Financial Advisory Limited 156 Great Charles Street,Birmingham,B3 3HN,Queensway,West Midlands,,86230,,,,TRUE,,,,,,,,,,,,,,,,,,,,,,,,,,,,,,,,
BALTIC DENTAL PRACTICE LTD,7855575,dissolved,ltd,26-01-2016,21-11-2011,['86230'],,169 Cross Road,Romford,RM7 8EA,Mawneys,,,86230,,,,TRUE,,,,,,,,,,,,,,,,,,,,,,,,,,,,,,,,
AONA MEDIC CUBE LIMITED,7806738,dissolved,ltd,26-05-2015,12-10-2011,['86210'],,39 Grove Road,Barnet,EN4 9DJ,Cockfosters,,England,86210,,,,TRUE,,,,,,,,,,,,,,,,,,,,,,,,,,,,,,,,
USHODAYA MEDICAL SERVICES LIMITED,7807516,dissolved,ltd,17-11-2020,12-10-2011,['86210'],,19 Stapleton Close,Sutton Coldfield,B76 1XT,Minworth,West Midlands,United Kingdom,86210,,,,TRUE,,,,,,,,,,,,,,,,,,,,,,,,,,,,,,,,
'ETERNITY'S SUNRISE LTD,7807066,dissolved,ltd,26-01-2016,12-10-2011,['86210'],,Wylam Lodge,Knaresborough,HG5 9DE,Lands Lane,,,86210,,,,TRUE,,,,,,,,,,,,,,,,,,,,,,,,,,,,,,,,
KBO CONSULTANCY LIMITED,7809069,dissolved,ltd,27-03-2018,13-10-2011,"['86210', ' 86900']",,118-120 London Road,Mitcham,CR4 3LB,,Surrey,,86210,86900,,,TRUE,,,,,,,,,,,,,,,,,,,,,,,,,,,,,,,,
LOPEZ MEDICAL SERVICES LIMITED,7810569,dissolved,ltd,03-10-2017,14-10-2011,['86210'],,123 Galingale View,Newcastle Under Lyme,ST5 2GQ,Off Keele Road,North Staffordshire,,86210,,,,TRUE,,,,,,,,,,,,,,,,,,,,,,,,,,,,,,,,
SWIECH MEDICAL SERVICES LIMITED,7812813,dissolved,ltd,16-02-2016,17-10-2011,['86210'],,3 Carrera House,Aylesbury,HP19 8DP,Merlin Centre Gatehouse Close,Buckinghamshire,,86210,,,,TRUE,,,,,,,,,,,,,,,,,,,,,,,,,,,,,,,,
BALEPHETRISH LIMITED,7814735,dissolved,ltd,30-09-2014,18-10-2011,['86210'],,Unit 9 Newhaven Enterprise Centre,Newhaven,,Denton Island,East Sussex,England,86210,,,,TRUE,,,,,,,,,,,,,,,,,,,,,,,,,,,,,,,,
ASK A GP LIMITED,7814901,dissolved,ltd,02-02-2016,19-10-2011,['86210'],,3 Bilton Hall,Rugby,CV22 7LX,Church Walk Bilton,,,86210,,,,TRUE,,,,,,,,,,,,,,,,,,,,,,,,,,,,,,,,
PT ANTHONY LTD,7817962,dissolved,ltd,27-03-2018,20-10-2011,['86210'],,Pegasus House 5 Winckley Court,Preston,PR1 8BU,Mount Street,Lancashire,,86210,,,,TRUE,,,,,,,,,,,,,,,,,,,,,,,,,,,,,,,,
TYMPANOMED LIMITED,7816770,dissolved,ltd,12-01-2016,20-10-2011,['86210'],,6d Ocean House,Barnet,EN5 5FP,Bentley Way New Barnet,Hertfordshire,,86210,,,,TRUE,,,,,,,,,,,,,,,,,,,,,,,,,,,,,,,,
S P MEHTA LIMITED,7816729,dissolved,ltd,28-05-2019,20-10-2011,['86210'],,56 Redhouse Road,Wolverhampton,WV6 8SP,,,,86210,,,,TRUE,,,,,,,,,,,,,,,,,,,,,,,,,,,,,,,,
AQUAVILLE LIMITED,7817744,dissolved,ltd,17-02-2015,20-10-2011,['86210'],,Global House,London,E1 7HW,5a Sandys Row,,,86210,,,,TRUE,,,,,,,,,,,,,,,,,,,,,,,,,,,,,,,,
SAFFAR LOCUM LTD,7825497,dissolved,ltd,10-01-2017,27-10-2011,['86210'],,10 Claypit Road,Chester,CH4 7QX,,,Great Britain,86210,,,,TRUE,,,,,,,,,,,,,,,,,,,,,,,,,,,,,,,,
KHAN 85 LTD,7824827,dissolved,ltd,16-02-2016,26-10-2011,['86210'],,76 Bolton Road,Harrow,HA1 4SA,,Middlesex,,86210,,,,TRUE,,,,,,,,,,,,,,,,,,,,,,,,,,,,,,,,
PARK VIEW CENTRE LIMITED,7830630,dissolved,ltd,19-01-2016,01-11-2011,['86210'],,Park View Centre,Nottingham,NG10 3RJ,"Cranfleet Way, Long Eaton",,,86210,,,,TRUE,,,,,,,,,,,,,,,,,,,,,,,,,,,,,,,,
COX MEDICOLEGAL LTD,7830981,dissolved,ltd,07-04-2020,01-11-2011,['86210'],,21 Gilbert Road,Cambridge,CB4 3NX,,Cambridgeshire,,86210,,,,TRUE,,,,,,,,,,,,,,,,,,,,,,,,,,,,,,,,
DR SONIA CHESTER LTD,7832541,dissolved,ltd,23-02-2016,02-11-2011,['86210'],,2a Tremadoc Road,London,SW4 7NE,Clapham,,,86210,,,,TRUE,,,,,,,,,,,,,,,,,,,,,,,,,,,,,,,,
NISHITH KUMAR MEDICAL SERVICES LTD,7839345,dissolved,ltd,28-03-2017,08-11-2011,['86210'],,16 Darwin Avenue,Dartford,DA1 5RR,,,England,86210,,,,TRUE,,,,,,,,,,,,,,,,,,,,,,,,,,,,,,,,
JAMES CLARKE ASSOCIATES LTD,7841803,dissolved,ltd,06-06-2017,10-11-2011,['86210'],,7 Lindum Terrace,Lincoln,LN2 5RP,,Lincolnshire,,86210,,,,TRUE,,,,,,,,,,,,,,,,,,,,,,,,,,,,,,,,
HELLAGOOD LTD,7852908,dissolved,ltd,14-10-2014,18-11-2011,['86210'],,573 Chester Road,Sutton Coldfield,B73 5HU,573 Chester Road,West Midlands,,86210,,,,TRUE,,,,,,,,,,,,,,,,,,,,,,,,,,,,,,,,
D J MURPHY LIMITED,7850443,dissolved,ltd,04-05-2021,16-11-2011,['86210'],,29 Glendarvon Street,London,SW15 1JS,Putney,,,86210,,,,TRUE,,,,,,,,,,,,,,,,,,,,,,,,,,,,,,,,
FSQ LIMITED,7852809,dissolved,ltd,07-11-2017,18-11-2011,['86210'],,16 Beaumont Road,Leicester,LE5 3HA,,,England,86210,,,,TRUE,,,,,,,,,,,,,,,,,,,,,,,,,,,,,,,,
THE ORIGINAL TRUFFLES LTD,7833180,dissolved,ltd,16-06-2015,03-11-2011,['46310'],,11 Primary Court,Cambridge,CB4 1NB,,,,46310,,,,TRUE,,,,,,,,,,,,,,,,,,,,,,,,,,,,,,,,
WATERMELON DISTRIBUTION CENTRE LIMITED,7850830,dissolved,ltd,23-05-2017,17-11-2011,['46310'],,Unit 3 33 Shaftesbury Road,London,N18 1SW,,,,46310,,,,TRUE,,,,,,,,,,,,,,,,,,,,,,,,,,,,,,,,
ASHTON RAINS LTD,7804358,dissolved,ltd,05-12-2017,10-10-2011,['68310'],,372 Palatine Road,Manchester,M22 4FZ,,,England,68310,,,,TRUE,,,,,,,,,,,,,,,,,,,,,,,,,,,,,,,,
D M S CONSULTANTS LTD,7806452,dissolved,ltd,05-12-2017,12-10-2011,['68310'],,83 High Street,Chesham,HP5 1DE,,Buckinghamshire,,68310,,,,TRUE,,,,,,,,,,,,,,,,,,,,,,,,,,,,,,,,
SCOTT & SCOTT INVESTMENT PROPERTIES LIMITED,7804914,dissolved,ltd,01-11-2016,11-10-2011,['68310'],,Flat 3 Warren Road,Crowborough,TN6 1TT,Warren Wood,East Sussex,,68310,,,,TRUE,,,,,,,,,,,,,,,,,,,,,,,,,,,,,,,,
CLARKE RESIDENTIAL LIMITED,7807436,dissolved,ltd,04-02-2020,12-10-2011,['68310'],,"Delamere, Clock House High Road",Stowmarket,IP14 3AP,Great Finborough,Suffolk,United Kingdom,68310,,,,TRUE,,,,,,,,,,,,,,,,,,,,,,,,,,,,,,,,
SPEED PROPERTY SERVICES LTD,7806919,dissolved,ltd,29-08-2017,12-10-2011,['68310'],,15 Miles Close,London,SE28 0NJ,,,,68310,,,,TRUE,,,,,,,,,,,,,,,,,,,,,,,,,,,,,,,,
AKELA REAL ESTATE LTD,7809110,dissolved,ltd,17-08-2021,13-10-2011,['68310'],,12 Bridewell Place,London,EC4V 6AP,Third Floor East,,,68310,,,,TRUE,,,,,,,,,,,,,,,,,,,,,,,,,,,,,,,,
JACKSON ESTATES LIMITED,7810181,dissolved,ltd,17-11-2020,14-10-2011,['68310'],,8 Fountain Court,Winsford,CW7 1AJ,,Cheshire,,68310,,,,TRUE,,,,,,,,,,,,,,,,,,,,,,,,,,,,,,,,
RUSSELL AND DURRANT LIMITED,7811843,dissolved,ltd,13-10-2020,17-10-2011,['68310'],,Riley Accounting Gable End Sparrow Hall Business Park Leighton Road,Dunstable,LU6 2ES,Edlesborough,Bedfordshire,,68310,,,,TRUE,,,,,,,,,,,,,,,,,,,,,,,,,,,,,,,,
HOUNSLOW WEST LONDON LIMITED,7813463,dissolved,ltd,29-07-2020,18-10-2011,['68310'],,,Eastleigh,SO53 3TZ,Highfield Court Tollgate Chandlers Ford,,,68310,,,,TRUE,,,,,,,,,,,,,,,,,,,,,,,,,,,,,,,,
REDBOX RESIDENTIAL LTD,7811472,liquidation,ltd,,17-10-2011,['68310'],,Dlp House,Halifax,HX1 2QW,46 Prescott Street,West Yorkshire,,68310,,,,TRUE,,,,,,,,,,,,,,,,,,,,,,,,,,,,,,,,
PARRY COHEN LIMITED,7813029,active,ltd,,17-10-2011,['68310'],,146 New London Road,Chelmsford,CM2 0AW,,,England,68310,,,,TRUE,,,,,,,,,,,,,,,,,,,,,,,,,,,,,,,,
MS AND LS PROPERTY SERVICES LIMITED,7817607,dissolved,ltd,17-11-2020,20-10-2011,['68310'],,4b Church Street,Diss,IP22 4DD,,,England,68310,,,,TRUE,,,,,,,,,,,,,,,,,,,,,,,,,,,,,,,,
ELITE PROPERTY ESTATES LTD,7818967,dissolved,ltd,17-02-2015,21-10-2011,['68310'],,258 St Helens Road,Bolton,BL3 3PZ,,Lancashire,,68310,,,,TRUE,,,,,,,,,,,,,,,,,,,,,,,,,,,,,,,,
CRE PROPERTY DEVELOPMENT LTD,7818114,dissolved,ltd,28-03-2017,20-10-2011,['68310'],,Suite 38 Thames Innovation Centre,Erith,DA18 4AL,2 Veridion Way,Kent,,68310,,,,TRUE,,,,,,,,,,,,,,,,,,,,,,,,,,,,,,,,
GEOFFREY RAYNARD LIMITED,7822741,dissolved,ltd,02-06-2015,25-10-2011,['68310'],,187 Angel Place,London,N18 2UD,Fore Street,,United Kingdom,68310,,,,TRUE,,,,,,,,,,,,,,,,,,,,,,,,,,,,,,,,
ROUNCE & EVANS ESTATE AGENTS LIMITED,7825049,dissolved,ltd,06-06-2017,27-10-2011,['68310'],,3 Jubilee Court,King's Lynn,PE31 6HH,Hunstanton Road Dersingham,Norfolk,,68310,,,,TRUE,,,,,,,,,,,,,,,,,,,,,,,,,,,,,,,,
RESOURCE REAL ESTATE LIMITED,7825189,dissolved,ltd,17-12-2019,27-10-2011,['68310'],,Flat 2 139 Old Brompton Road,London,SW5 0LF,,,,68310,,,,TRUE,,,,,,,,,,,,,,,,,,,,,,,,,,,,,,,,
FOX GRANT (SHERBORNE) LIMITED,7824402,dissolved,ltd,27-10-2018,26-10-2011,['68310'],,Robson Scott Associates,Darlington,DL3 7SD,49 Duke Street,,,68310,,,,TRUE,,,,,,,,,,,,,,,,,,,,,,,,,,,,,,,,
THAMES VIEW HOMES (LONDON) LIMITED,7827790,dissolved,ltd,30-10-2018,28-10-2011,['68310'],,Little Manor,Pewsey,SN9 5PG,Woodborough,Wiltshire,,68310,,,,TRUE,,,,,,,,,,,,,,,,,,,,,,,,,,,,,,,,
FINEKS LONDON LTD,7828866,dissolved,ltd,27-02-2018,31-10-2011,['68310'],,291 Green Lanes,London,N13 4XS,,,England,68310,,,,TRUE,,,,,,,,,,,,,,,,,,,,,,,,,,,,,,,,
MY ESTATES (BIRMINGHAM) LTD,7837915,dissolved,ltd,30-09-2014,07-11-2011,['68310'],,361 Birchfield Road,Birmingham,B20 3BJ,Perry Barr,West Midlands,,68310,,,,TRUE,,,,,,,,,,,,,,,,,,,,,,,,,,,,,,,,
BRECKON & BRECKON (LAND & PLANNING) LIMITED,7840164,dissolved,ltd,28-04-2015,09-11-2011,['68310'],,Jamesons House,Witney,OX28 3AB,Compton Way,Oxfordshire,,68310,,,,TRUE,,,,,,,,,,,,,,,,,,,,,,,,,,,,,,,,
NEST PROPERTY LONDON LIMITED,7840112,dissolved,ltd,24-02-2015,09-11-2011,['68310'],,Flat 2 No 98 Brixton Hill,London,SW2 1QN,,,,68310,,,,TRUE,,,,,,,,,,,,,,,,,,,,,,,,,,,,,,,,
PIKE SMITH & KEMP LIMITED,7843369,dissolved,ltd,15-03-2016,11-11-2011,['68310'],,22 Queen Street,Maidenhead,SL6 1HZ,,Berkshire,,68310,,,,TRUE,,,,,,,,,,,,,,,,,,,,,,,,,,,,,,,,
FINE ESTATE AGENTS LIMITED,7846805,dissolved,ltd,14-06-2016,14-11-2011,['68310'],,Colwyn House,Colchester,CO3 3LD,Sheepen Place,Essex,,68310,,,,TRUE,,,,,,,,,,,,,,,,,,,,,,,,,,,,,,,,
JBRL LTD,7853179,dissolved,ltd,22-09-2020,18-11-2011,['68310'],,38 King William Walk,London,SE10 9HU,Greenwich,,England,68310,,,,TRUE,,,,,,,,,,,,,,,,,,,,,,,,,,,,,,,,
NESHEMA LTD,7848968,dissolved,ltd,09-09-2016,16-11-2011,['68310'],,Mountview Court 1148 High Road,London,N20 0RA,Whetstone,,,68310,,,,TRUE,,,,,,,,,,,,,,,,,,,,,,,,,,,,,,,,
GORDON HAMMOND LIMITED,7851708,dissolved,ltd,15-12-2015,17-11-2011,"['68310', ' 71111', ' 90030']",,10 Hartlepool Court,London,E16 2RL,,,,68310,71111,90030,,TRUE,,,,,,,,,,,,,,,,,,,,,,,,,,,,,,,,
RICHMONDS INVESTMENTS UK LTD,7852024,dissolved,ltd,12-04-2016,17-11-2011,['68310'],,15 Cowgate,Peterborough,PE1 1LZ,,Cambridgeshire,,68310,,,,TRUE,,,,,,,,,,,,,,,,,,,,,,,,,,,,,,,,
JASON DEAN LTD,7856134,dissolved,ltd,20-12-2016,22-11-2011,['68310'],,3 Box Gardens,Stroud,GL6 9DP,Minchinhampton,Gloucestershire,England,68310,,,,TRUE,,,,,,,,,,,,,,,,,,,,,,,,,,,,,,,,
FALCON APARTMENTS LIMITED,7855512,dissolved,ltd,13-10-2017,21-11-2011,['68310'],,Hunter House,Woodford Green,IG8 0DY,109 Snakes Lane West,Essex,,68310,,,,TRUE,,,,,,,,,,,,,,,,,,,,,,,,,,,,,,,,
"SPELL, READ, SUCCEED. LTD",7803715,dissolved,ltd,06-02-2018,10-10-2011,['85590'],,7 Cartmel Drive,Liverpool,L37 4HJ,Formby,,England,85590,,,,TRUE,,,,,,,,,,,,,,,,,,,,,,,,,,,,,,,,
SYRIAN SOCIAL CLUB COMMUNITY,7804367,dissolved,private-limited-guarant-nsc-limited-exemption,18-11-2014,10-10-2011,['85590'],,60 Neasden Lane,London,NW10 2UW,,,,85590,,,,TRUE,,,,,,,,,,,,,,,,,,,,,,,,,,,,,,,,
OP4 LIMITED,7804909,dissolved,ltd,17-10-2017,11-10-2011,['85590'],,136 St Margarets Road,Plymouth,PL7 4RF,Plympton,Devon,,85590,,,,TRUE,,,,,,,,,,,,,,,,,,,,,,,,,,,,,,,,
THE MANAGEMENT ORGANISATION LTD,7807174,dissolved,ltd,06-10-2015,12-10-2011,['85590'],,Suite 2 Clarence House,Norwich,NR1 1HH,Clarence Road,,,85590,,,,TRUE,,,,,,,,,,,,,,,,,,,,,,,,,,,,,,,,
BRIGHT LEARNING ACADEMY LIMITED,7809163,dissolved,ltd,08-12-2015,13-10-2011,['85590'],,364 High Street,Smethwick,B66 3PD,,,United Kingdom,85590,,,,TRUE,,,,,,,,,,,,,,,,,,,,,,,,,,,,,,,,
FUTURE TRAINING 4 JOBS LIMITED,7810131,dissolved,ltd,07-03-2017,14-10-2011,['85590'],,39 Gloucester Road,London,E12 5JU,,,England,85590,,,,TRUE,,,,,,,,,,,,,,,,,,,,,,,,,,,,,,,,
S.E.H. CONSULTANCY LIMITED,7810896,dissolved,ltd,10-03-2020,14-10-2011,['85590'],,42 Queens Road,Coventry,CV1 3DX,,,,85590,,,,TRUE,,,,,,,,,,,,,,,,,,,,,,,,,,,,,,,,
WIMBORNE SCHOOLS LTD,7810436,dissolved,ltd,17-02-2015,14-10-2011,['85590'],,150 Old Fort Road,Shoreham-By-Sea,BN43 5HL,,West Sussex,,85590,,,,TRUE,,,,,,,,,,,,,,,,,,,,,,,,,,,,,,,,
DIRECT MARKETING FOUNDATION,7814243,dissolved,private-limited-guarant-nsc-limited-exemption,19-11-2019,18-10-2011,['85590'],,70 Margaret Street,London,W1W 8SS,,,,85590,,,,TRUE,,,,,,,,,,,,,,,,,,,,,,,,,,,,,,,,
EXPRESS TRAINING SOLUTIONS LTD,7813839,dissolved,ltd,03-02-2015,18-10-2011,['85590'],,45 Lea Close,Reading,RG30 3NB,,Berkshire,,85590,,,,TRUE,,,,,,,,,,,,,,,,,,,,,,,,,,,,,,,,
ASPIRE HIGHER ACADEMY LIMITED,7818392,dissolved,private-limited-guarant-nsc,22-03-2022,20-10-2011,['85590'],,Grid Low Moor Business Park,Bradford,BD12 0NB,Common Road Low Moor,West Yorkshire,,85590,,,,TRUE,,,,,,,,,,,,,,,,,,,,,,,,,,,,,,,,
PROFITABLE INVESTMENT EDUCATION LTD,7820391,dissolved,ltd,14-10-2014,24-10-2011,['85590'],,145-157 St John Street,London,EC1V 4PW,,,,85590,,,,TRUE,,,,,,,,,,,,,,,,,,,,,,,,,,,,,,,,
ABC OF ME LIMITED,7819549,dissolved,ltd,08-01-2019,21-10-2011,['85590'],,11 Garrick Way,Camberley,GU16 6LY,Frimley Green,Surrey,,85590,,,,TRUE,,,,,,,,,,,,,,,,,,,,,,,,,,,,,,,,
THE LEARNING HOUSE LTD,7825390,dissolved,ltd,14-05-2019,27-10-2011,['85590'],,19 Doods Park Road,Reigate,RH2 0PZ,,,,85590,,,,TRUE,,,,,,,,,,,,,,,,,,,,,,,,,,,,,,,,
KPI CONSTRUCTION SKILLS LTD,7827324,dissolved,ltd,15-11-2016,28-10-2011,['85590'],,8 Waterside Park Livingstone Road,Hull,HU13 0EN,Hessle,East Yorkshire,,85590,,,,TRUE,,,,,,,,,,,,,,,,,,,,,,,,,,,,,,,,
OVERWATCH TRAINING LTD,7829241,dissolved,ltd,24-05-2016,31-10-2011,['85590'],,1 Princes Court,Loughborough,LE11 5XR,Royal Way,Leicestershire,,85590,,,,TRUE,,,,,,,,,,,,,,,,,,,,,,,,,,,,,,,,
TRAINING DAYS LIMITED,7831100,dissolved,ltd,26-04-2016,01-11-2011,['85590'],,1 - 5 Nelson Street,Southend On Sea,SS1 1EF,,Essex,,85590,,,,TRUE,,,,,,,,,,,,,,,,,,,,,,,,,,,,,,,,
FUSION CHILDCARE SERVICES,7830535,active,private-limited-guarant-nsc-limited-exemption,,01-11-2011,['85590'],,45 Cranbourne Drive,Harpenden,AL5 1RJ,,Hertfordshire,,85590,,,,TRUE,,,,,,,,,,,,,,,,,,,,,,,,,,,,,,,,
BROOKS DEVELOPMENT TRUST,7831365,dissolved,private-limited-guarant-nsc-limited-exemption,03-08-2021,01-11-2011,['85590'],,21 Kyrle Road,London,SW11 6BD,,,,85590,,,,TRUE,,,,,,,,,,,,,,,,,,,,,,,,,,,,,,,,
WINGED SOLUTIONS LTD,7832539,dissolved,ltd,17-01-2017,02-11-2011,['85590'],,121 Latham Road,Bexleyheath,DA6 7NH,,Kent,,85590,,,,TRUE,,,,,,,,,,,,,,,,,,,,,,,,,,,,,,,,
CHERRY TREE KIDS CLUB LTD,7833193,dissolved,ltd,11-06-2019,03-11-2011,['85590'],,46a Barnes Cray Road,Dartford,DA1 4NR,,,,85590,,,,TRUE,,,,,,,,,,,,,,,,,,,,,,,,,,,,,,,,
BEACON HILL TRAINING LIMITED,7836258,dissolved,ltd,06-07-2021,04-11-2011,"['85590', ' 88990']",,73 The Willows Marton,Middlesbrough,TS7 8BP,,Cleveland,United Kingdom,85590,88990,,,TRUE,,,,,,,,,,,,,,,,,,,,,,,,,,,,,,,,
ACADEMY 4 HOUSING,7837202,dissolved,private-limited-guarant-nsc-limited-exemption,04-10-2016,07-11-2011,['85590'],,Premier House,Twickenham,TW1 3RP,52 London Road,Middlesex,,85590,,,,TRUE,,,,,,,,,,,,,,,,,,,,,,,,,,,,,,,,
AL BARAKAH EDUCATION LTD,7839599,dissolved,ltd,26-04-2022,08-11-2011,['85590'],,27 Woodhall Avenue,Pinner,HA5 3DY,,,England,85590,,,,TRUE,,,,,,,,,,,,,,,,,,,,,,,,,,,,,,,,
CST TUTORING LIMITED,7838981,dissolved,ltd,17-03-2015,08-11-2011,['85590'],,Chandler House 7 Ferry Road Office Park,Preston,PR2 2YH,Riversway,Lancashire,,85590,,,,TRUE,,,,,,,,,,,,,,,,,,,,,,,,,,,,,,,,
GSAJ LIMITED,7839338,dissolved,ltd,28-02-2017,08-11-2011,['85590'],,15 Horse Bank Drive,Huddersfield,HD4 5HN,Lockwood,,,85590,,,,TRUE,,,,,,,,,,,,,,,,,,,,,,,,,,,,,,,,
HENBURY SCHOOL,7838126,dissolved,private-limited-guarant-nsc-limited-exemption,20-10-2020,07-11-2011,['85590'],,Henbury School Station Road,Bristol,BS10 7QH,Henbury,Avon,,85590,,,,TRUE,,,,,,,,,,,,,,,,,,,,,,,,,,,,,,,,
WORK AND TRAIN LTD,7838414,dissolved,ltd,16-05-2017,08-11-2011,['85590'],,16 Westmorland Street,Wakefield,WF1 1PJ,,West Yorkshire,,85590,,,,TRUE,,,,,,,,,,,,,,,,,,,,,,,,,,,,,,,,
M I B TRAINING LIMITED,7841617,dissolved,ltd,15-08-2017,10-11-2011,['85590'],,3 Gorrell Close,Burnley,BB12 9LZ,Newchurch-In-Pendle,,England,85590,,,,TRUE,,,,,,,,,,,,,,,,,,,,,,,,,,,,,,,,
EDUCATIONAL ENTERPRISES LIMITED,7846946,dissolved,ltd,10-03-2020,14-11-2011,['85590'],,89 Anderton Park Road,Birmingham,B13 9DS,Moseley,,,85590,,,,TRUE,,,,,,,,,,,,,,,,,,,,,,,,,,,,,,,,
PASSION INC. LIMITED,7847607,dissolved,ltd,28-08-2018,15-11-2011,['85590'],,Flat 7 Crescent House,Margate,CT9 2NP,Nightingale Place,Kent,,85590,,,,TRUE,,,,,,,,,,,,,,,,,,,,,,,,,,,,,,,,
FIELDCRAFT LTD,7852558,dissolved,ltd,16-03-2021,18-11-2011,['85590'],,106 Minehead Way,Stevenage,SG1 2JH,,,England,85590,,,,TRUE,,,,,,,,,,,,,,,,,,,,,,,,,,,,,,,,
ACHIEVE CHANGE & ENGAGEMENT ACE,7848785,converted-closed,converted-or-closed,12-05-2021,15-11-2011,['85590'],,18 Sun Street,Lancaster,LA1 1EW,,Lancashire,England,85590,,,,TRUE,,,,,,,,,,,,,,,,,,,,,,,,,,,,,,,,
VOCATIONAL AND PROFESSIONAL QUALIFICATIONS LIMITED,7850894,dissolved,ltd,17-01-2017,17-11-2011,['85590'],,Office-8 10-Buckhurst Road,Bexhill-On-Sea,TN40 1QF,,East Sussex,,85590,,,,TRUE,,,,,,,,,,,,,,,,,,,,,,,,,,,,,,,,
P.A.S.S (PERSONAL ACHIEVEMENT SOCIAL SUCCESS) COMMUNITY INTEREST COMPANY,7854796,dissolved,private-limited-guarant-nsc,04-02-2020,21-11-2011,['85590'],community-interest-company,"18, Spencer Avenue",Hayes,UB4 0QX,,Middlesex,,85590,,,,TRUE,,,,,,,,,,,,,,,,,,,,,,,,,,,,,,,,
ROWE FARM LIMITED,7848616,active,ltd,,15-11-2011,['46330'],,The Rowe Farm,Newcastle Under Lyme,ST5 4EN,Stableford,Staffordshire,,46330,,,,TRUE,,,,,,,,,,,,,,,,,,,,,,,,,,,,,,,,
NATIONWIDE DISPOSABLES LIMITED,7804655,dissolved,ltd,15-03-2022,11-10-2011,['46420'],,1 Upper Aston,Wolverhampton,WV5 7EE,Claverley,,England,46420,,,,TRUE,,,,,,,,,,,,,,,,,,,,,,,,,,,,,,,,
S & A CASUAL LTD,7805762,dissolved,ltd,02-01-2018,11-10-2011,['46420'],,15 Collingham Street,Manchester,M8 8RQ,,,,46420,,,,TRUE,,,,,,,,,,,,,,,,,,,,,,,,,,,,,,,,
COPIA DESIGN UK LTD,7806643,dissolved,ltd,28-08-2018,12-10-2011,['46420'],,105 Whitechapel Road,London,E1 1DT,,,,46420,,,,TRUE,,,,,,,,,,,,,,,,,,,,,,,,,,,,,,,,
CHANGE FASHION LTD,7808426,dissolved,ltd,23-03-2021,13-10-2011,['46420'],,17 Skylines Village Top Tie Trading Uk Ltd,London,E14 9TS,17 Skylines Village,,United Kingdom,46420,,,,TRUE,,,,,,,,,,,,,,,,,,,,,,,,,,,,,,,,
CHIC UNIQUE LIMITED,7813995,dissolved,ltd,23-05-2017,18-10-2011,['46420'],,113 Bracadale Drive,Stockport,SK3 8RY,,,,46420,,,,TRUE,,,,,,,,,,,,,,,,,,,,,,,,,,,,,,,,
STEPFOLA INVESTMENT LTD,7812715,dissolved,ltd,27-03-2018,17-10-2011,['46420'],,Eurolink Business Centre Unit 50,London,SW2 1BZ,49 Effra Road,,,46420,,,,TRUE,,,,,,,,,,,,,,,,,,,,,,,,,,,,,,,,
STANDARD ISSUE LIMITED,7818395,dissolved,ltd,17-02-2015,20-10-2011,['46420'],,1st Floor Northern Assurance Buildings,Manchester,M2 4DN,9 - 21 Princess Street Albert Square,Lancs,,46420,,,,TRUE,,,,,,,,,,,,,,,,,,,,,,,,,,,,,,,,
MAS BODY DEVELOPMENT LIMITED,7819505,active,ltd,,21-10-2011,['46420'],,"Beaumont Accountancy First Floor, Enterprise House",Middlesbrough,TS1 3QW,202-206 Linthorpe Road,Cleveland,England,46420,,,,TRUE,,,,,,,,,,,,,,,,,,,,,,,,,,,,,,,,
E-WEAR LTD,7825781,dissolved,ltd,15-03-2022,27-10-2011,"['46420', ' 70229']",,Acre House,London,NW1 3ER,11/15 William Road,,United Kingdom,46420,70229,,,TRUE,,,,,,,,,,,,,,,,,,,,,,,,,,,,,,,,
FOAY INVESTMENT LTD,7829270,dissolved,ltd,07-03-2017,31-10-2011,['46420'],,54 Melbourne Court,London,SE20 8AS,Anerley Road,,,46420,,,,TRUE,,,,,,,,,,,,,,,,,,,,,,,,,,,,,,,,
KIDSORCHID LIMITED,7829579,dissolved,ltd,25-04-2017,31-10-2011,['46420'],,355a Barking Road,London,E6 1LA,East Ham,,,46420,,,,TRUE,,,,,,,,,,,,,,,,,,,,,,,,,,,,,,,,
TRI T SCRUB LIMITED,7854506,dissolved,ltd,04-12-2018,21-11-2011,['46420'],,Ground Floor 2 Woodberry Grove,London,N12 0DR,North Finchley,,,46420,,,,TRUE,,,,,,,,,,,,,,,,,,,,,,,,,,,,,,,,
CHEETHAM FOODSTORES LIMITED,7810224,dissolved,ltd,30-09-2014,14-10-2011,['47210'],,378 Cheetham Hill Road,Manchester,M8 9LS,,,England,47210,,,,TRUE,,,,,,,,,,,,,,,,,,,,,,,,,,,,,,,,
GERRARDS GREENGROCERS LIMITED,7825373,dissolved,ltd,20-01-2015,27-10-2011,['47210'],,75-77 Church Street,Wolverhampton,WV14 0BJ,Bilston,West Midlands,England,47210,,,,TRUE,,,,,,,,,,,,,,,,,,,,,,,,,,,,,,,,
SOUTHEND BANGLA BAZAAR LIMITED,7829430,dissolved,ltd,05-01-2016,31-10-2011,['47210'],,519 London Road,Westcliff-On-Sea,SS0 9LJ,,Essex,,47210,,,,TRUE,,,,,,,,,,,,,,,,,,,,,,,,,,,,,,,,
COUNTRY FAYRE (YORK) LIMITED,7853014,dissolved,ltd,15-03-2016,18-11-2011,"['47210', ' 47760', ' 62020']",,35 Green Lane,York,YO24 3DA,Acomb,North Yorkshire,,47210,47760,62020,,TRUE,,,,,,,,,,,,,,,,,,,,,,,,,,,,,,,,
SELIN FOOD CENTRE LIMITED,7855507,dissolved,ltd,08-01-2019,21-11-2011,['47210'],,Pixel Building,Waltham Abbey,EN9 1JH,110 Brooker Road,Essex,England,47210,,,,TRUE,,,,,,,,,,,,,,,,,,,,,,,,,,,,,,,,
IATROTEC PROFESSIONAL LEARNING LTD,7830596,dissolved,ltd,05-07-2022,01-11-2011,"['85421', ' 85422', ' 85590', ' 86900']",,104 Harewood Avenue,Bournemouth,BH7 6NS,,,,85421,85422,85590,86900,TRUE,,,,,,,,,,,,,,,,,,,,,,,,,,,,,,,,
UWTSD LEARNING CENTRES LTD,7853426,dissolved,ltd,12-10-2021,18-11-2011,"['85421', ' 85422', ' 85590']",,Carmarthen Campus,Carmarthen,SA31 3EP,College Road,Carmarthenshire,,85421,85422,85590,,TRUE,,,,,,,,,,,,,,,,,,,,,,,,,,,,,,,,
106 BUSINESS SOLUTIONS LIMITED,10905688,Active,ltd,,08-08-2017,[46310],,86 - 90 PAUL STREET,LONDON,EC2A 4NE,3RD FLOOR,,ENGLAND,46310,,,,TRUE,,,,,,,,,,,,,,,,,,,,,,,,,,,,,,,,
13 - 14 THAYER STREET LIMITED,11691086,Active,ltd,,22-11-2018,[46310],,31 ELM AVENUE,RUISLIP,HA4 8PE,,,ENGLAND,46310,,,,TRUE,,,,,,,,,,,,,,,,,,,,,,,,,,,,,,,,
1982 LIMITED,9036248,Active,ltd,,13-05-2014,[46310],,29 BARLOW DRIVE,LONDON,SE18 4NE,,England,,46310,,,,TRUE,,,,,,,,,,,,,,,,,,,,,,,,,,,,,,,,
2022 VEG LTD,14318873,Active,ltd,,25-08-2022,[46310],,43 KYNASTON AVENUE,THORNTON HEATH,CR7 7BZ,,,ENGLAND,46310,,,,TRUE,,,,,,,,,,,,,,,,,,,,,,,,,,,,,,,,
24 SEVEN FOOD SERVICE LIMITED,11283905,Active,ltd,,29-03-2018,[46310],,1 HEATHCOTE,BOURNEMOUTH,BH5 1EZ,2 HEATHCOTE ROAD,Dorset,UNITED KINGDOM,46310,,,,TRUE,,,,,,,,,,,,,,,,,,,,,,,,,,,,,,,,
2A&M LIMITED,13334244,Active,ltd,,14-04-2021,[46310],,14B PORTLAND HOUSE,HIGH WYCOMBE,HP13 6DQ,ARNISON AVENUE,,UNITED KINGDOM,46310,,,,TRUE,,,,,,,,,,,,,,,,,,,,,,,,,,,,,,,,
2SERVE WHOLESALE LTD,5752939,Active,ltd,,23-03-2006,[46310],,A60-A61 NEW COVENT GARDEN MARKET FRUIT & VEGETABLE MARKET,LONDON,SW8 5EE,VAUXHALL,,ENGLAND,46310,,,,TRUE,,,,,,,,,,,,,,,,,,,,,,,,,,,,,,,,
3 B'S FOOD GROUP LTD,12273136,Active,ltd,,21-10-2019,[46310],,27 ST. CUTHBERTS STREET,BEDFORD,MK40 3JG,,,ENGLAND,46310,,,,TRUE,,,,,,,,,,,,,,,,,,,,,,,,,,,,,,,,
323 DISCOUNTS LTD,14442070,Active,ltd,,25-10-2022,[46310],,487 LINCOLN ROAD,PETERBOROUGH,PE1 2PE,,,UNITED KINGDOM,46310,,,,TRUE,,,,,,,,,,,,,,,,,,,,,,,,,,,,,,,,
3DS FRUIT & VEG INTERNATIONAL LTD,7966323,Active - Proposal to Strike off,ltd,,27-02-2012,[46310],,60 VICTORIA AVENUE,LONDON,E6 1EY,,,,46310,,,,TRUE,,,,,,,,,,,,,,,,,,,,,,,,,,,,,,,,
3J RETAIL LTD,11926462,Active - Proposal to Strike off,ltd,,04-04-2019,[46310],,TURNPIKE OFF LICENSE,LEIGH-ON-SEA,SS9 2UA,1206 LONDON ROAD,,ENGLAND,46310,,,,TRUE,,,,,,,,,,,,,,,,,,,,,,,,,,,,,,,,
4 SEASONS DELI LTD,14489031,Active,ltd,,16-11-2022,[46310],,178 MITCHAM ROAD,LONDON,SW17 9NJ,,,ENGLAND,46310,,,,TRUE,,,,,,,,,,,,,,,,,,,,,,,,,,,,,,,,
4SEVEN PROCUREMENT AND LOGISTICS LTD,13704589,Active - Proposal to Strike off,ltd,,26-10-2021,[46310],,45 WHEELER STREET,ASHFORD,TN27 9ST,HEADCORN,,ENGLAND,46310,,,,TRUE,,,,,,,,,,,,,,,,,,,,,,,,,,,,,,,,
5 STAR FRUIT AND VEG (SPITALFIELDS) LTD,7843777,Active,ltd,,11-11-2011,[46310],,416 GREEN LANE,ILFORD,IG3 9JX,,Essex,,46310,,,,TRUE,,,,,,,,,,,,,,,,,,,,,,,,,,,,,,,,
5 STAR FRUIT AND VEG LONDON LTD,8500317,Active,ltd,,23-04-2013,[46310],,416 GREEN LANE,ILFORD,IG3 9JX,,Essex,,46310,,,,TRUE,,,,,,,,,,,,,,,,,,,,,,,,,,,,,,,,
5 STAR FRUIT AND VEG TRADING LTD,8457960,Active,ltd,,22-03-2013,[46310],,416 GREEN LANE,ILFORD,IG3 9JX,,Essex,,46310,,,,TRUE,,,,,,,,,,,,,,,,,,,,,,,,,,,,,,,,
5STAR GENERAL SUPPLIES LTD,12788339,Active,ltd,,03-08-2020,[46310],,47 FARMILO ROAD,LONDON,E17 8JL,,,UNITED KINGDOM,46310,,,,TRUE,,,,,,,,,,,,,,,,,,,,,,,,,,,,,,,,
5TOWNS FRUIT AND VEG LIMITED,10350781,Active,ltd,,30-08-2016,[46310],,4B GRENLEY STREET,KNOTTINGLEY,WF11 8AX,,,ENGLAND,46310,,,,TRUE,,,,,,,,,,,,,,,,,,,,,,,,,,,,,,,,
7 HILLS WHOLESALE AND DISTRIBUTION LTD,13855854,Active,ltd,,18-01-2022,[46310],,UNIT 2,SHEFIELD,S6 1JF,BAXTER ROAD,,ENGLAND,46310,,,,TRUE,,,,,,,,,,,,,,,,,,,,,,,,,,,,,,,,
7 STAR FOODS LIMITED,9904081,Active,ltd,,07-12-2015,[46310],,299A BETHNAL GREEN ROAD,LONDON,E2 6AH,,,UNITED KINGDOM,46310,,,,TRUE,,,,,,,,,,,,,,,,,,,,,,,,,,,,,,,,
786HYE LIMITED,11134306,Active,ltd,,05-01-2018,[46310],,2 PARK AVENUE,ILFORD,IG1 4RT,1C VALEBROOK,,ENGLAND,46310,,,,TRUE,,,,,,,,,,,,,,,,,,,,,,,,,,,,,,,,
95 LONGITUDE LTD,14145252,Active,ltd,,01-06-2022,[46310],,150 CHURCH ROAD,ST. HELENS,WA11 0LA,HAYDOCK,,ENGLAND,46310,,,,TRUE,,,,,,,,,,,,,,,,,,,,,,,,,,,,,,,,
9AIJAM LTD,8976701,Active - Proposal to Strike off,ltd,,03-04-2014,[46310],,639 HIGH ROAD LEYTON,LONDON,E10 6RF,LEYTON,,,46310,,,,TRUE,,,,,,,,,,,,,,,,,,,,,,,,,,,,,,,,
A & B POTATOES LIMITED,8200627,Active,ltd,,04-09-2012,[46310],,TREMABYN,SALTASH,PL12 4RT,TREMATON,Cornwall,,46310,,,,TRUE,,,,,,,,,,,,,,,,,,,,,,,,,,,,,,,,
A & F BD INTERNATIONAL LIMITED,13490850,Active,ltd,,02-07-2021,[46310],,12 PORTIA WAY,LONDON,E3 4JH,,,ENGLAND,46310,,,,TRUE,,,,,,,,,,,,,,,,,,,,,,,,,,,,,,,,
A & H FOOD SUPPLIERS LTD,12723673,Active,ltd,,06-07-2020,[46310],,174 ARISDALE AVENUE,SOUTH OCKENDON,RM15 5FE,,,ENGLAND,46310,,,,TRUE,,,,,,,,,,,,,,,,,,,,,,,,,,,,,,,,
A & H FRUIT WHOLESALES LIMITED,10527423,Active,ltd,,15-12-2016,[46310],,"18 ST. JAMES'S MARKET, ESSEX STREET",BRADFORD,BD4 7PN,,,UNITED KINGDOM,46310,,,,TRUE,,,,,,,,,,,,,,,,,,,,,,,,,,,,,,,,
A & N TRADING LIMITED,14490433,Active,ltd,,17-11-2022,[46310],,FLAT 21 ASHWOOD HOUSE,LONDON,NW4 2BD,BELLE VUE ESTATE,,UNITED KINGDOM,46310,,,,TRUE,,,,,,,,,,,,,,,,,,,,,,,,,,,,,,,,
A & R FRUITS AND VEG MERCHANTS LTD,13954462,Active,ltd,,04-03-2022,[46310],,FIRST FLOOR,BIRMINGHAM,B6 6JB,2 BEVINGTON ROAD,,UNITED KINGDOM,46310,,,,TRUE,,,,,,,,,,,,,,,,,,,,,,,,,,,,,,,,
A & R PRODUCE IMPORT LIMITED,13007632,Active - Proposal to Strike off,ltd,,10-11-2020,[46310],,24 LONGLEY ROAD,GILLINGHAM,ME8 7RT,RAINHAM,,ENGLAND,46310,,,,TRUE,,,,,,,,,,,,,,,,,,,,,,,,,,,,,,,,
A & S DIRECT FOODS LIMITED,SC734545,Active,ltd,,06-06-2022,[46310],,C/O ASKARI & CO LIMITED,GLASGOW,G41 2LL,162 DARNLEY STREET,Scotland,UNITED KINGDOM,46310,,,,TRUE,,,,,,,,,,,,,,,,,,,,,,,,,,,,,,,,
A & S EXOTIC LTD,8673079,Active,ltd,,03-09-2013,[46310],,36 WARWICK GARDENS,ILFORD,IG1 4LE,,Essex,ENGLAND,46310,,,,TRUE,,,,,,,,,,,,,,,,,,,,,,,,,,,,,,,,
A & Z FRESH LTD,12400985,Active,ltd,,13-01-2020,[46310],,3 PRIORY STREET,LONDON,E3 3BU,,,ENGLAND,46310,,,,TRUE,,,,,,,,,,,,,,,,,,,,,,,,,,,,,,,,
A A & EVA LIMITED,7723236,Active,ltd,,29-07-2011,[46310],,1ST FLOOR,LONDON,E1 1JE,112-116 WHITECHAPEL ROAD,,ENGLAND,46310,,,,TRUE,,,,,,,,,,,,,,,,,,,,,,,,,,,,,,,,
A B FRUITS LIMITED,5651085,Active,ltd,,12-12-2005,[46310],,27 ST. CUTHBERTS STREET,BEDFORD,MK40 3JG,,,ENGLAND,46310,,,,TRUE,,,,,,,,,,,,,,,,,,,,,,,,,,,,,,,,
A GOMEZ LIMITED,2446884,Active,ltd,,27-11-1989,[46310],,COLDHARBOUR LANE,CANTERBURY,CT4 5HL,BRIDGE,Kent,,46310,,,,TRUE,,,,,,,,,,,,,,,,,,,,,,,,,,,,,,,,
A IMPORT EXPORT LTD,13525484,Active - Proposal to Strike off,ltd,,22-07-2021,[46310],,"VINCENT COURT, NO. 21 GREEN LANE",LONDON,NW4 2AN,LONDON,,UNITED KINGDOM,46310,,,,TRUE,,,,,,,,,,,,,,,,,,,,,,,,,,,,,,,,
A J FRESH PRODUCE (MIDLANDS) LIMITED,13691258,Active,ltd,,20-10-2021,[46310],,72 TEMPERANCE STREET,MANCHESTER,M12 6HU,,,ENGLAND,46310,,,,TRUE,,,,,,,,,,,,,,,,,,,,,,,,,,,,,,,,
A J WEBB & SON (SHEFFIELD) LTD,3146578,Active,ltd,,10-01-1996,[46310],,UNIT 1 SOUTH YORKSHIRE FRESH,PARKWAY DRIVE SHEFFIELD,S9 4WN,PRODUCE & FLOWER CENTRE,South Yorkshire,,46310,,,,TRUE,,,,,,,,,,,,,,,,,,,,,,,,,,,,,,,,
A K EXOTIC UK LTD,8245542,Active,ltd,,09-10-2012,[46310],,11 SPRINGWOOD AVENUE,HUDDERSFIELD,HD1 4BG,SPRINGWOOD,,,46310,,,,TRUE,,,,,,,,,,,,,,,,,,,,,,,,,,,,,,,,
A M PRODUCE LIMITED,2872885,Active,ltd,,17-11-1993,[46310],,1 KENNEDY CLOSE,PINNER,HA5 4HL,HATCH END,Middlesex,,46310,,,,TRUE,,,,,,,,,,,,,,,,,,,,,,,,,,,,,,,,
A MCKEOWN & SONS LIMITED,NI070794,Active,ltd,,16-10-2008,[46310],,5 SUGAR ISLAND ROAD,PORTADOWN,BT63 5PD,BLEARY,County Down,NORTHERN IRELAND,46310,,,,TRUE,,,,,,,,,,,,,,,,,,,,,,,,,,,,,,,,
A P DELIVERY & DISTRIBUTION LTD,13988365,Active,ltd,,19-03-2022,[46310],,LEIGH BROW HOUSE LEIGH BROW,PRESTON,PR5 5QZ,LOSTOCK HALL,,ENGLAND,46310,,,,TRUE,,,,,,,,,,,,,,,,,,,,,,,,,,,,,,,,
A S FRESH PRODUCE LIMITED,8698234,Active,ltd,,19-09-2013,[46310],,90 MILL LANE,LONDON,NW6 1NL,WEST HAMPSTEAD,,,46310,,,,TRUE,,,,,,,,,,,,,,,,,,,,,,,,,,,,,,,,
A S GREEN PRODUCE LIMITED,11411556,Active,ltd,,12-06-2018,[46310],,ROOK ROW FARM MOOREND CROSS,MALVERN,WR13 5PR,MATHON,Worcestershire,UNITED KINGDOM,46310,,,,TRUE,,,,,,,,,,,,,,,,,,,,,,,,,,,,,,,,
A TO Z FRESH WEALDSTONE LTD,12776121,Active,ltd,,29-07-2020,[46310],,126 HIGH STREET,HARROW,HA3 7AL,WEALDSTONE,,ENGLAND,46310,,,,TRUE,,,,,,,,,,,,,,,,,,,,,,,,,,,,,,,,
A&A SPITTAL LIMITED,SC536532,Active,ltd,,26-05-2016,[46310],,BERRYHILL FARM,CUMNOCK,KA18 2NB,AUCHINLECK,Ayrshire,SCOTLAND,46310,,,,TRUE,,,,,,,,,,,,,,,,,,,,,,,,,,,,,,,,
A&C PRODUCE LIMITED,13143224,Active,ltd,,19-01-2021,[46310],,42 BIDDESTONE ROAD,LONDON,N7 9RA,,,ENGLAND,46310,,,,TRUE,,,,,,,,,,,,,,,,,,,,,,,,,,,,,,,,
A&J LONDON LTD,13482091,Active,ltd,,29-06-2021,[46310],,1 WATFORD WAY,HENDON,NW4 3JS,,London,UNITED KINGDOM,46310,,,,TRUE,,,,,,,,,,,,,,,,,,,,,,,,,,,,,,,,
A&M AGGRO IMPORTS UK LTD,13330294,Active,ltd,,13-04-2021,[46310],,332 DUNSMORE AVENUE,COVENTRY,CV3 3HB,,,ENGLAND,46310,,,,TRUE,,,,,,,,,,,,,,,,,,,,,,,,,,,,,,,,
A&N WHOLESALE LTD,7126624,Active,ltd,,15-01-2010,[46310],,23 TROWBRIDGE GARDENS,LUTON,LU2 7JY,,,ENGLAND,46310,,,,TRUE,,,,,,,,,,,,,,,,,,,,,,,,,,,,,,,,
A&Q COMMERCE LTD,14427008,Active,ltd,,18-10-2022,[46310],,FLAT 1,LONDON,SE25 5QF,2 SELHURST ROAD,,ENGLAND,46310,,,,TRUE,,,,,,,,,,,,,,,,,,,,,,,,,,,,,,,,
A&V RETAIL LTD,12971351,Active,ltd,,23-10-2020,[46310],,38 WEST AVENUE,SOUTHALL,UB1 2AP,,Middlesex,ENGLAND,46310,,,,TRUE,,,,,,,,,,,,,,,,,,,,,,,,,,,,,,,,
"A. CAMACHO, U.K. LIMITED",4435852,Active,ltd,,10-05-2002,[46310],,UNITS 1 AND 2 FIELD VIEW BAYNARDS GREEN BUSINESS PARK,BICESTER,OX27 7SG,BAYNARDS GREEN,Oxfordshire,,46310,,,,TRUE,,,,,,,,,,,,,,,,,,,,,,,,,,,,,,,,
A. PENNINGTON (STRETFORD) LIMITED,1431966,Active,ltd,,21-06-1979,[46310],,"FIRST FLOOR, MERCHANT EXCHANGE",MACCLESFIELD,SK11 6JX,WATERS GREEN,Chesire,ENGLAND,46310,,,,TRUE,,,,,,,,,,,,,,,,,,,,,,,,,,,,,,,,
A. S.  FRUIT & VEG LIMITED,7848451,Active,ltd,,15-11-2011,[46310],,UNIT 20 BIRMINGHAM WHOLESALE MARKET,BIRMINGHAM,B6 7EU,"NOBEL WAY, 7 THE HUB",West Midlands,ENGLAND,46310,,,,TRUE,,,,,,,,,,,,,,,,,,,,,,,,,,,,,,,,
A. W. DUNCOMBE & SON LIMITED,5442221,Active,ltd,,04-05-2005,[46310],,1 MARKET PLACE,BRACKLEY,NN13 7AB,,,ENGLAND,46310,,,,TRUE,,,,,,,,,,,,,,,,,,,,,,,,,,,,,,,,
A.CARMICHAEL & CO.LIMITED,370929,Active,ltd,,28-11-1941,[46310],,NEWHAVEN 3 HUMBERDALE CLOSE,NORTH FERRIBY,HU14 3NS,"TRANBY LANE, SWANLAND",North Humberside,,46310,,,,TRUE,,,,,,,,,,,,,,,,,,,,,,,,,,,,,,,,
A.E. LENTON LIMITED,473649,Active,ltd,,06-10-1949,[46310],,CHURCH END,BOSTON,PE22 8NE,FRISKNEY,Lincolnshire,ENGLAND,46310,,,,TRUE,,,,,,,,,,,,,,,,,,,,,,,,,,,,,,,,
A.EAMES LIMITED,335443,Active,ltd,,03-01-1938,[46310],,COMPACTOR HOUSE BILLINGSGATE MARKET,LONDON,E14 5ST,TRAFALGAR WAY,,ENGLAND,46310,,,,TRUE,,,,,,,,,,,,,,,,,,,,,,,,,,,,,,,,
A.G. AXTON & SONS (WHOLESALE) LIMITED,4631777,Active,ltd,,09-01-2003,[46310],,13 HURSLEY ROAD,EASTLEIGH,SO53 2FW,CHANDLERS FORD,Hampshire,ENGLAND,46310,,,,TRUE,,,,,,,,,,,,,,,,,,,,,,,,,,,,,,,,
A.G. THAMES HOLDINGS LIMITED,987311,Active,ltd,,19-08-1970,[46310],,THAMES HOUSE,CRAYFORD,DA1 4QP,THAMES ROAD,Kent,,46310,,,,TRUE,,,,,,,,,,,,,,,,,,,,,,,,,,,,,,,,
A.K FRUIT & VEG LTD,12527765,Active,ltd,,20-03-2020,[46310],,2 ONYX CLOSE,CRAWLEY,RH10 3GH,,,UNITED KINGDOM,46310,,,,TRUE,,,,,,,,,,,,,,,,,,,,,,,,,,,,,,,,
A.P.S. SALADS LIMITED,5975348,Active,ltd,,23-10-2006,[46310],,ENTERPRISE HOUSE,WILMSLOW,SK9 1PT,97 ALDERLEY ROAD,Cheshire,UNITED KINGDOM,46310,,,,TRUE,,,,,,,,,,,,,,,,,,,,,,,,,,,,,,,,
A.R'S FRUIT 'N' VEG LIMITED,14084924,Active,ltd,,04-05-2022,[46310],,60 WATLING STREET,RADLETT,WD7 7NN,,,ENGLAND,46310,,,,TRUE,,,,,,,,,,,,,,,,,,,,,,,,,,,,,,,,
A.S.H. IMPORTS (UK) LIMITED,7009683,Active,ltd,,04-09-2009,[46310],,214 LOWER ADDISCOMBE ROAD,CROYDON,CR0 7AB,,Surrey,,46310,,,,TRUE,,,,,,,,,,,,,,,,,,,,,,,,,,,,,,,,
A.W. CAVANAGH (SPITALFIELDS) LIMITED,2050658,Active,ltd,,29-08-1986,[46310],,CBW LLP - FLOOR 3,LONDON,E1 8NN,66 PRESCOT STREET,,,46310,,,,TRUE,,,,,,,,,,,,,,,,,,,,,,,,,,,,,,,,
A1 FRUIT AND VEG LTD,11884934,Active - Proposal to Strike off,ltd,,15-03-2019,[46310],,20-22 WENLOCK ROAD,LONDON,N1 7GU,,,ENGLAND,46310,,,,TRUE,,,,,,,,,,,,,,,,,,,,,,,,,,,,,,,,
A2B1011 WHOLESALES LIMITED,14466713,Active,ltd,,07-11-2022,[46310],,37 AVENONS ROAD,LONDON,E13 8HU,,,ENGLAND,46310,,,,TRUE,,,,,,,,,,,,,,,,,,,,,,,,,,,,,,,,
A2Z FRUIT & VEG LTD,11791149,Active,ltd,,28-01-2019,[46310],,"UNIT C,",BRISTOL,BS2 0YA,"126 ALBERT ROAD,",,UNITED KINGDOM,46310,,,,TRUE,,,,,,,,,,,,,,,,,,,,,,,,,,,,,,,,
A2Z MERCHANDISE LTD,12596436,Active,ltd,,12-05-2020,[46310],,UNIT 54C PRINCESS MARGARET ROAD,TILBURY,RM18 8RH,EAST TILBURY,,ENGLAND,46310,,,,TRUE,,,,,,,,,,,,,,,,,,,,,,,,,,,,,,,,
AA EXOTICS LTD,13127866,Active,ltd,,12-01-2021,[46310],,72 BANCROFT CHASE,HORNCHURCH,RM12 4DR,,,ENGLAND,46310,,,,TRUE,,,,,,,,,,,,,,,,,,,,,,,,,,,,,,,,
AA FOOD SUPPLY CENTRE LTD,14108289,Active,ltd,,16-05-2022,[46310],,214 MONEGA ROAD,LONDON,E12 6TS,,,ENGLAND,46310,,,,TRUE,,,,,,,,,,,,,,,,,,,,,,,,,,,,,,,,
AA FRUITS & NUTS LIMITED,13205049,Active,ltd,,16-02-2021,[46310],,25 HALL ROAD,LONDON,E6 2NG,,,ENGLAND,46310,,,,TRUE,,,,,,,,,,,,,,,,,,,,,,,,,,,,,,,,
AA PRODUCE (LONDON) LIMITED,12575315,Active,ltd,,28-04-2020,[46310],,2 POLLARD ROAD,LONDON,N20 0UB,,,ENGLAND,46310,,,,TRUE,,,,,,,,,,,,,,,,,,,,,,,,,,,,,,,,
AA PRODUCE LIMITED,12574594,Active,ltd,,27-04-2020,[46310],,2 POLLARD ROAD,LONDON,N20 0UB,,,ENGLAND,46310,,,,TRUE,,,,,,,,,,,,,,,,,,,,,,,,,,,,,,,,
AAA SALADS LIMITED,9684706,Active,ltd,,14-07-2015,[46310],,UNIT 25 ROBINSONS INDUSTRIAL ESTATE,DERBY,DE23 8NL,SHAFTESBURY STREET,,ENGLAND,46310,,,,TRUE,,,,,,,,,,,,,,,,,,,,,,,,,,,,,,,,
AAA VEG LIMITED,14508846,Active,ltd,,28-11-2022,[46310],,161 ELM GROVE,SOUTHSEA,PO5 1LU,ELM GROVE,Hampshire,ENGLAND,46310,,,,TRUE,,,,,,,,,,,,,,,,,,,,,,,,,,,,,,,,
AAC & CO LTD,8799116,Active,ltd,,02-12-2013,[46310],,28 MONARCH MEWS,LONDON,SW16 3HN,CROWN LANE,,ENGLAND,46310,,,,TRUE,,,,,,,,,,,,,,,,,,,,,,,,,,,,,,,,
AAM FOOD SERVICES LTD,SC675219,Active,ltd,,23-09-2020,[46310],,104 ABERCORN STREET,PAISLEY,PA3 4AY,,,SCOTLAND,46310,,,,TRUE,,,,,,,,,,,,,,,,,,,,,,,,,,,,,,,,
AANS GLOBE LIMITED,13160289,Active,ltd,,26-01-2021,[46310],,90 MILL LANE,LONDON,NW6 1NL,,,ENGLAND,46310,,,,TRUE,,,,,,,,,,,,,,,,,,,,,,,,,,,,,,,,
AARYASMI CONSULTANCY LTD,6603086,Active,ltd,,27-05-2008,[46310],,63 MASWELL PARK ROAD,HOUNSLOW,TW3 2DP,,,ENGLAND,46310,,,,TRUE,,,,,,,,,,,,,,,,,,,,,,,,,,,,,,,,
AAYKINZE LTD,13370112,Active,ltd,,30-04-2021,[46310],,UNIT 7B CRANBROOK HOUSE,ILFORD,IG1 4PG,61 CRANBROOK ROAD,Essex,ENGLAND,46310,,,,TRUE,,,,,,,,,,,,,,,,,,,,,,,,,,,,,,,,
AB CATERING (BLACKBURN) LTD,11427374,Active,ltd,,21-06-2018,[46310],,455 WHALLEY NEW ROAD,BLACKBURN,BB1 9SP,,,UNITED KINGDOM,46310,,,,TRUE,,,,,,,,,,,,,,,,,,,,,,,,,,,,,,,,
AB FRUIT & VEG LTD,12208331,Active,ltd,,16-09-2019,[46310],,26 OWEN WAY,LONDON,NW10 0TU,,,UNITED KINGDOM,46310,,,,TRUE,,,,,,,,,,,,,,,,,,,,,,,,,,,,,,,,
ABBAS KHAN LTD,5678643,Active - Proposal to Strike off,ltd,,17-01-2006,[46310],,42 ALBERT ROAD,BIRMINGHAM,B33 9BD,STECHFORD,,ENGLAND,46310,,,,TRUE,,,,,,,,,,,,,,,,,,,,,,,,,,,,,,,,
ABBEY FRUIT & VEG LTD,12133791,Active,ltd,,01-08-2019,[46310],,34A VICTORIA ROAD,SURBITON,KT6 4JL,34 VICTORIA ROAD,Surrey,UNITED KINGDOM,46310,,,,TRUE,,,,,,,,,,,,,,,,,,,,,,,,,,,,,,,,
ABBEY POTATOES LIMITED,SC699194,Active,ltd,,19-05-2021,[46310],,C/O GRAMPIAN GROWERS LTD,MONTROSE,DD10 9LD,LOGIE,Angus,UNITED KINGDOM,46310,,,,TRUE,,,,,,,,,,,,,,,,,,,,,,,,,,,,,,,,
ABBEY PRODUCE LTD,1516331,Active,ltd,,08-09-1980,[46310],,NENE LODGE FUNTHAMS LANE,PETERBOROUGH,PE7 2PB,WHITTLESEY,Cambridgeshire,,46310,,,,TRUE,,,,,,,,,,,,,,,,,,,,,,,,,,,,,,,,
ABBEY VIEW PRODUCER ORGANISATION LIMITED,3616148,Active,ltd,,14-08-1998,[46310],,ABBEY VIEW NURSERY,WALTHAM ABBEY,EN9 2AG,GALLEY HILL ROAD,Essex,ENGLAND,46310,,,,TRUE,,,,,,,,,,,,,,,,,,,,,,,,,,,,,,,,
ABBIEDAN INTERNATIONAL LIMITED,14226178,Active,ltd,,11-07-2022,[46310],,160 CARTMELL ROAD,SHEFFIELD,S8 0NN,,,ENGLAND,46310,,,,TRUE,,,,,,,,,,,,,,,,,,,,,,,,,,,,,,,,
ABBITAL LIMITED,13201332,Active,ltd,,15-02-2021,[46310],,82 REDDISH ROAD,STOCKPORT,SK5 7QU,,,ENGLAND,46310,,,,TRUE,,,,,,,,,,,,,,,,,,,,,,,,,,,,,,,,
ABC STORES LTD,13867550,Active,ltd,,24-01-2022,[46310],,"14 BRADFORDS CLOSE, BRADFORDS CLOSE",BOTTISHAM,CB25 9DW,,Cambridgeshire,UNITED KINGDOM,46310,,,,TRUE,,,,,,,,,,,,,,,,,,,,,,,,,,,,,,,,
ABC STUDYANDSERVICE LIMITED,11128941,Active,ltd,,02-01-2018,[46310],,UNIT 55,EALING,W5 2AA,4 SPRING BRIDGE ROAD,,ENGLAND,46310,,,,TRUE,,,,,,,,,,,,,,,,,,,,,,,,,,,,,,,,
ABERDEEN AND STANTON LIMITED,622877,Active,ltd,,11-03-1959,[46310],,KELLEY & LOWE LTD GWYNFA HOUSE,DARTFORD,DA2 6EF,677 PRINCES ROAD,Kent,,46310,,,,TRUE,,,,,,,,,,,,,,,,,,,,,,,,,,,,,,,,
ABI FOODS INTERNATIONAL LIMITED,14508894,Active,ltd,,28-11-2022,[46310],,7 BELL YARD,LONDON,WC2A 2JR,,,ENGLAND,46310,,,,TRUE,,,,,,,,,,,,,,,,,,,,,,,,,,,,,,,,
ABIBARATH UK LIMITED,8581219,Active,ltd,,24-06-2013,[46310],,"FLAT 5,THE ODEON",BARKING,IG11 8RR,"22-30,LONGBRIDGE ROAD",,ENGLAND,46310,,,,TRUE,,,,,,,,,,,,,,,,,,,,,,,,,,,,,,,,
ABM FRESH UK LTD,13089134,Active,ltd,,18-12-2020,[46310],,EDWARD HOUSE,ELY,CB6 3NW,LANCASTER WAY BUSINESS PARK,Cambs,ENGLAND,46310,,,,TRUE,,,,,,,,,,,,,,,,,,,,,,,,,,,,,,,,
ABNN FRESH UK LTD,11709880,Active,ltd,,04-12-2018,[46310],,BALFOUR BUSINESS CENTRE,ILFORD,IG1 1BF,390 - 392 HIGH ROAD,,ENGLAND,46310,,,,TRUE,,,,,,,,,,,,,,,,,,,,,,,,,,,,,,,,
ABSOLUTE ADVANTAGE FM LIMITED,9759060,Active - Proposal to Strike off,ltd,,02-09-2015,[46310],,BLAKE HOUSE,YORK,YO1 8QG,18 BLAKE STREET,North Yorkshire,ENGLAND,46310,,,,TRUE,,,,,,,,,,,,,,,,,,,,,,,,,,,,,,,,
ABU BROTHER'S LTD,14029699,Active,ltd,,06-04-2022,[46310],,279 WHITECHAPEL ROAD,LONDON,E1 1BY,,,UNITED KINGDOM,46310,,,,TRUE,,,,,,,,,,,,,,,,,,,,,,,,,,,,,,,,
AC EMPIRE LIMITED,13198990,Active,ltd,,12-02-2021,[46310],,1ST FLOOR,LONDON,EC2A 2EA,44 WORSHIP STREET,,UNITED KINGDOM,46310,,,,TRUE,,,,,,,,,,,,,,,,,,,,,,,,,,,,,,,,
ACE EXOTICS LTD,13360437,Active,ltd,,27-04-2021,[46310],,80 BIRCH HALL LANE,MANCHESTER,M13 0XZ,,,ENGLAND,46310,,,,TRUE,,,,,,,,,,,,,,,,,,,,,,,,,,,,,,,,
ACE FOODS INTERNATIONAL LTD,13704705,Active,ltd,,26-10-2021,[46310],,90-92 RYE LANE,LONDON,SE15 4RZ,,,ENGLAND,46310,,,,TRUE,,,,,,,,,,,,,,,,,,,,,,,,,,,,,,,,
ACE FRESH LIMITED,8929286,Active,ltd,,07-03-2014,[46310],,THE WAFFLE PROJECT 1156 STRATFORD ROAD,BIRMINGHAM,B28 8AF,HALL GREEN,,ENGLAND,46310,,,,TRUE,,,,,,,,,,,,,,,,,,,,,,,,,,,,,,,,
ACH IMPORTS LTD,13608827,Active,ltd,,08-09-2021,[46310],,5 LONDON ROAD,GILLINGHAM,ME8 7RG,RAINHAM,Kent,UNITED KINGDOM,46310,,,,TRUE,,,,,,,,,,,,,,,,,,,,,,,,,,,,,,,,
ACKIO (UK) LIMITED,7683848,Active,ltd,,27-06-2011,[46310],,ACKIO UK MILLENNIUM WAY,EVESHAM,WR11 1GR,VALE PARK,,ENGLAND,46310,,,,TRUE,,,,,,,,,,,,,,,,,,,,,,,,,,,,,,,,
ACP QUALITY PRODUCE LIMITED,12550599,Active,ltd,,07-04-2020,[46310],,WAREHOUSE REAR OF 5B ROWOOD ESTATE,BICESTER,OX26 4PP,MURDOCK ROAD,Oxfordshire,ENGLAND,46310,,,,TRUE,,,,,,,,,,,,,,,,,,,,,,,,,,,,,,,,
ACQUIRE CONSULTANCY LIMITED,10517402,Active - Proposal to Strike off,ltd,,08-12-2016,[46310],,PARK HOUSE,LEEDS,LS7 2BP,WILMINGTON STREET,,ENGLAND,46310,,,,TRUE,,,,,,,,,,,,,,,,,,,,,,,,,,,,,,,,
ACTON GREENERY LIMITED,11563462,Active,ltd,,11-09-2018,[46310],,UNIT 3,LONDON,W3 8BL,14 COLVILLE ROAD,,ENGLAND,46310,,,,TRUE,,,,,,,,,,,,,,,,,,,,,,,,,,,,,,,,
ADAM FARM FRESH LIMITED,12782596,Active,ltd,,31-07-2020,[46310],,FARM FRESH 53 TIPPETT COURT,STEVENAGE,SG1 1XR,LONDON ROAD,,ENGLAND,46310,,,,TRUE,,,,,,,,,,,,,,,,,,,,,,,,,,,,,,,,
ADAMS APPLE FRESH PRODUCE LIMITED,7997233,Active,ltd,,20-03-2012,[46310],,61A HIGH STREET SOUTH,RUSHDEN,NN10 0RA,,,ENGLAND,46310,,,,TRUE,,,,,,,,,,,,,,,,,,,,,,,,,,,,,,,,
ADAMS LEICESTER LIMITED,12142647,Active - Proposal to Strike off,ltd,,07-08-2019,[46310],,12 EVINGTON CLOSE,LEICESTER,LE5 5PJ,,,UNITED KINGDOM,46310,,,,TRUE,,,,,,,,,,,,,,,,,,,,,,,,,,,,,,,,
ADAMS POTATOES LIMITED,5560819,Active,ltd,,12-09-2005,[46310],,RIDGEBRIDGE COTTAGE RIDGE ROAD,LEEDS,LS25 4BB,MICKLEFIELD,,,46310,,,,TRUE,,,,,,,,,,,,,,,,,,,,,,,,,,,,,,,,
ADAMS WHOLESALE (WEST SUSSEX) LIMITED,5827389,Voluntary Arrangement,ltd,,24-05-2006,[46310],,ASM HOUSE,HASSOCKS,BN6 8QL,103A KEYMER ROAD,West Sussex,UNITED KINGDOM,46310,,,,TRUE,,,,,,,,,,,,,,,,,,,,,,,,,,,,,,,,
ADAMS WHOLESALE ENTERPRISES LTD,7440918,Active,ltd,,16-11-2010,[46310],,ASM HOUSE,HASSOCKS,BN6 8QL,103A KEYMER ROAD,West Sussex,UNITED KINGDOM,46310,,,,TRUE,,,,,,,,,,,,,,,,,,,,,,,,,,,,,,,,
ADAMS WHOLESALE FOOD SERVICE LTD,8286736,Active,ltd,,08-11-2012,[46310],,ASM HOUSE,HASSOCKS,BN6 8QL,103A KEYMER ROAD,West Sussex,UNITED KINGDOM,46310,,,,TRUE,,,,,,,,,,,,,,,,,,,,,,,,,,,,,,,,
ADAMS WHOLESALE SOUTHERN GROUP LTD,8448234,Active,ltd,,18-03-2013,[46310],,ASM HOUSE,HASSOCKS,BN6 8QL,103A KEYMER ROAD,West Sussex,UNITED KINGDOM,46310,,,,TRUE,,,,,,,,,,,,,,,,,,,,,,,,,,,,,,,,
ADDEY & SON (WESTERN INTERNATIONAL) LIMITED,602714,Active,ltd,,14-04-1958,[46310],,P35 WESTERN INTERNATIONAL,SOUTHALL MIDDLESEX,UB2 5XJ,MARKET,,,46310,,,,TRUE,,,,,,,,,,,,,,,,,,,,,,,,,,,,,,,,
ADENMEL PRODUCE LIMITED,13804320,Active,ltd,,16-12-2021,[46310],,ARMOURY HOUSE ARMOURY ROAD,COLCHESTER,CO6 3JP,WEST BERGHOLT,,UNITED KINGDOM,46310,,,,TRUE,,,,,,,,,,,,,,,,,,,,,,,,,,,,,,,,
ADES HOLDINGS LIMITED,13372137,Active,ltd,,03-05-2021,[46310],,1-3 EASTMOOR STREET,LONDON,SE7 8LX,,,UNITED KINGDOM,46310,,,,TRUE,,,,,,,,,,,,,,,,,,,,,,,,,,,,,,,,
ADES WHOLESALE (UK) LIMITED,10726698,Active,ltd,,18-04-2017,[46310],,1-3 EASTMOOR STREET,LONDON,SE7 8LX,,,UNITED KINGDOM,46310,,,,TRUE,,,,,,,,,,,,,,,,,,,,,,,,,,,,,,,,
ADIJNA LIMITED,13772728,Active,ltd,,30-11-2021,[46310],,5 CAVALIER CIRCUS,WOLVERHAMPTON,WV10 8TR,,,ENGLAND,46310,,,,TRUE,,,,,,,,,,,,,,,,,,,,,,,,,,,,,,,,
ADL FRUIT AND VEG LTD,13671365,Active,ltd,,11-10-2021,[46310],,A12- 13 1/2 ASHBURNER STREET,BOLTON,BL1 1TJ,,,UNITED KINGDOM,46310,,,,TRUE,,,,,,,,,,,,,,,,,,,,,,,,,,,,,,,,
ADM TRADE LIMITED,11923238,Active,ltd,,03-04-2019,[46310],,UNIT 1 CROWN TRADE PARK,WEST DRAYTON,UB7 8HZ,CROWN WAY,,ENGLAND,46310,,,,TRUE,,,,,,,,,,,,,,,,,,,,,,,,,,,,,,,,
ADMAR PL LIMITED,12535632,Active,ltd,,26-03-2020,[46310],,85 NEW DROVE,WISBECH,PE13 2RZ,,,ENGLAND,46310,,,,TRUE,,,,,,,,,,,,,,,,,,,,,,,,,,,,,,,,
ADRIATIC IMPORTS LIMITED,12475782,Active,ltd,,21-02-2020,[46310],,19 CEDARS AVENUE,LONDON,E17 7QL,WALTHAMSTOW,,UNITED KINGDOM,46310,,,,TRUE,,,,,,,,,,,,,,,,,,,,,,,,,,,,,,,,
ADRRA ASSOCIATES LIMITED,5507279,Active,ltd,,13-07-2005,[46310],,3 BRANCHES LANE,LINCOLNSHIRE,PE12 7BE,FLEET,,,46310,,,,TRUE,,,,,,,,,,,,,,,,,,,,,,,,,,,,,,,,
ADVANCE EXPORTS LTD,12531714,Active,ltd,,24-03-2020,[46310],,44 CHELMSFORD ROAD,LONDON,E11 1BS,,,ENGLAND,46310,,,,TRUE,,,,,,,,,,,,,,,,,,,,,,,,,,,,,,,,
ADVANTO TRADING AND INVESTMENTS LIMITED,12868782,Active,ltd,,09-09-2020,[46310],,128 CITY ROAD,LONDON,EC1V 2NX,,,UNITED KINGDOM,46310,,,,TRUE,,,,,,,,,,,,,,,,,,,,,,,,,,,,,,,,
AEON WEALTH LTD,9695586,Active,ltd,,21-07-2015,[46310],,"FLAT 2,",HOVE,BN3 2JF,19 ADELAIDE CRESCENT,,ENGLAND,46310,,,,TRUE,,,,,,,,,,,,,,,,,,,,,,,,,,,,,,,,
AESTHETIC BEAUYY CLENIC SOLUTIONS LTD,14484345,Active,ltd,,15-11-2022,[46310],,26 LEIGH ROAD,EASTLEIGH,SO50 9DT,,,ENGLAND,46310,,,,TRUE,,,,,,,,,,,,,,,,,,,,,,,,,,,,,,,,
AFD DISTRIBUTION LTD,SC713122,Active,ltd,,25-10-2021,[46310],,9 COWAN WYND,GLASGOW,G71 6TP,UDDINGSTON,Lanarkshire,SCOTLAND,46310,,,,TRUE,,,,,,,,,,,,,,,,,,,,,,,,,,,,,,,,
AFG DRIED FRUIT & NUTS LTD,12001341,Active,ltd,,17-05-2019,[46310],,UNIT 8 CAMP LANE,BIRMINGHAM,B21 8JF,HANDSWORTH,West Midlands,ENGLAND,46310,,,,TRUE,,,,,,,,,,,,,,,,,,,,,,,,,,,,,,,,
AFG FOLESHILL SUPERMARKET LIMITED,10557697,Active,ltd,,11-01-2017,[46310],,"6TH FLOOR, AMP HOUSE",CROYDON,CR0 2LX,DINGWALL ROAD,Surrey,UNITED KINGDOM,46310,,,,TRUE,,,,,,,,,,,,,,,,,,,,,,,,,,,,,,,,
AFG FRUIT & VEG LIMITED,14135283,Active,ltd,,26-05-2022,[46310],,9A BESCOT CRESCENT,WALSALL,WS1 4DQ,,,ENGLAND,46310,,,,TRUE,,,,,,,,,,,,,,,,,,,,,,,,,,,,,,,,
AFGHAN SAMOON COMPANY LIMITED,13656404,Active - Proposal to Strike off,ltd,,01-10-2021,[46310],,16 WEST DRIVE GARDENS,HARROW,HA3 6TT,,,ENGLAND,46310,,,,TRUE,,,,,,,,,,,,,,,,,,,,,,,,,,,,,,,,
AFRI-PEACH INVESTMENTS LTD,13733107,Active,ltd,,09-11-2021,[46310],,20-22 WENLOCK ROAD,LONDON,N1 7GU,,,ENGLAND,46310,,,,TRUE,,,,,,,,,,,,,,,,,,,,,,,,,,,,,,,,
AFRICA GLOBAL TRADING LTD,11475255,Active - Proposal to Strike off,ltd,,20-07-2018,[46310],,229 AYRES ROAD,MANCHESTER,M16 0NL,UNIT K,,ENGLAND,46310,,,,TRUE,,,,,,,,,,,,,,,,,,,,,,,,,,,,,,,,
AFRICA PRODUCTS LIMITED,3162191,Active,ltd,,21-02-1996,[46310],,LYNWOOD HOUSE CROFTON ROAD,KENT,BR6 8QE,ORPINGTON,,,46310,,,,TRUE,,,,,,,,,,,,,,,,,,,,,,,,,,,,,,,,
AFRICA'S BEST ARTISANS LIMITED,11850405,Active,ltd,,27-02-2019,[46310],,152 PURVES ROAD,LONDON,NW10 5TG,,,UNITED KINGDOM,46310,,,,TRUE,,,,,,,,,,,,,,,,,,,,,,,,,,,,,,,,
AFRICAN BLUE (UK) LIMITED,11756329,Active,ltd,,08-01-2019,[46310],,TOTAL PRODUCE ENTERPRISE WAY,SPALDING,PE11 3YR,PINCHBECK,Lincolnshire,UNITED KINGDOM,46310,,,,TRUE,,,,,,,,,,,,,,,,,,,,,,,,,,,,,,,,
AFRICAN DELIVERY HUB LTD,13804163,Active,ltd,,16-12-2021,[46310],,71-75 SHELTON STREET,LONDON,WC2H 9JQ,COVENT GARDEN,,UNITED KINGDOM,46310,,,,TRUE,,,,,,,,,,,,,,,,,,,,,,,,,,,,,,,,
AFRICAN EARTH PRODUCE LIMITED,12903626,Active,ltd,,24-09-2020,[46310],,PM HOUSE RIVERWAY ESTATE,GUILDFORD,GU3 1LZ,OLD PORTSMOUTH ROAD,,ENGLAND,46310,,,,TRUE,,,,,,,,,,,,,,,,,,,,,,,,,,,,,,,,
AFRICAN FOODS WORLDWIDE LIMITED,11834892,Active,ltd,,19-02-2019,[46310],,119 WELLINGTON STREET,MANCHESTER,M18 8BE,,,ENGLAND,46310,,,,TRUE,,,,,,,,,,,,,,,,,,,,,,,,,,,,,,,,
AFRICAN MORINGA LTD,SC708835,Active,ltd,,07-09-2021,[46310],,1D SHORTHOPE STREET,MUSSELBURGH,EH21 7DB,,,SCOTLAND,46310,,,,TRUE,,,,,,,,,,,,,,,,,,,,,,,,,,,,,,,,
AFRIFRESH LIMITED,12292319,Active,ltd,,31-10-2019,[46310],,9 DANESFIELD,WOKING,GU23 6LS,RIPLEY,Surrey,ENGLAND,46310,,,,TRUE,,,,,,,,,,,,,,,,,,,,,,,,,,,,,,,,
AFRO LANKA LTD,9357355,Active,ltd,,16-12-2014,[46310],,129 LYNTON ROAD,HARROW,HA2 9NH,,Middlesex,,46310,,,,TRUE,,,,,,,,,,,,,,,,,,,,,,,,,,,,,,,,
AFRO-CARIBBEAN PRODUCE LTD,13401630,Active,ltd,,16-05-2021,[46310],,FLAT 9 WHITEHALL MANSIONS,LONDON,N19 3TZ,LIDYARD ROAD,,ENGLAND,46310,,,,TRUE,,,,,,,,,,,,,,,,,,,,,,,,,,,,,,,,
AG EXOTICS LIMITED,13954421,Active,ltd,,04-03-2022,[46310],,CAMBURGH HOUSE,CANTERBURY,CT1 3DN,27 NEW DOVER ROAD,Kent,UNITED KINGDOM,46310,,,,TRUE,,,,,,,,,,,,,,,,,,,,,,,,,,,,,,,,
AGNI CONSULTANCY SERVICES UK LIMITED,12031563,Active,ltd,,04-06-2019,[46310],,"UNIT 2 , MIDAS BUSINESS CENTRE",DAGENHAM,RM10 8PS,WANTZ ROAD,Essex,ENGLAND,46310,,,,TRUE,,,,,,,,,,,,,,,,,,,,,,,,,,,,,,,,
AGOGO FOODS LIMITED,8386557,Active - Proposal to Strike off,ltd,,04-02-2013,[46310],,DALTON HOUSE,LONDON,SW19 2RR,60 WINDSOR AVENUE,,,46310,,,,TRUE,,,,,,,,,,,,,,,,,,,,,,,,,,,,,,,,
AGRA FREEZE LIMITED,1319812,Active,ltd,,01-07-1977,[46310],,BLACK ROBINS FARM,EDENBRIDGE,TN8 6QP,GRANTS LANE,Kent,,46310,,,,TRUE,,,,,,,,,,,,,,,,,,,,,,,,,,,,,,,,
AGRI AFRI UK LTD,10904973,Active - Proposal to Strike off,ltd,,08-08-2017,[46310],,"OFFICE 304A, COLLINGHAM HOUSE",LONDON,SW19 1QT,6-12 GLADSTONE ROAD,,ENGLAND,46310,,,,TRUE,,,,,,,,,,,,,,,,,,,,,,,,,,,,,,,,
AGRI LINK PRODUCE LIMITED,5207075,Active,ltd,,16-08-2004,[46310],,5 TOWN HALL STREET,GRIMSBY,DN31 1HN,,,ENGLAND,46310,,,,TRUE,,,,,,,,,,,,,,,,,,,,,,,,,,,,,,,,
AGRIBIZ LIMITED,13860681,Active,ltd,,20-01-2022,[46310],,5 CHAPEL ROAD,TILBURY,RM18 7AY,,,ENGLAND,46310,,,,TRUE,,,,,,,,,,,,,,,,,,,,,,,,,,,,,,,,
AGRICOLA EL PEUMO UK LIMITED,13913572,Active,ltd,,14-02-2022,[46310],,10 WARREN YARD,MILTON KEYNES,MK12 5NW,WOLVERTON MILL,,ENGLAND,46310,,,,TRUE,,,,,,,,,,,,,,,,,,,,,,,,,,,,,,,,
AGRICOLA SANTA EULALIA (UK) LIMITED,4944890,Active,ltd,,27-10-2003,[46310],,THE CHASE CHURCH ROAD,WISBECH,PE14 4DE,WALPOLE ST PETER,Cambridgeshire,,46310,,,,TRUE,,,,,,,,,,,,,,,,,,,,,,,,,,,,,,,,
AGRICULTURE ESPANA LIMITED,7115837,Active,ltd,,04-01-2010,[46310],,14TH FLOOR,LONDON,W1G 0PW,33 CAVENDISH SQUARE,,UNITED KINGDOM,46310,,,,TRUE,,,,,,,,,,,,,,,,,,,,,,,,,,,,,,,,
AGRIDUTT (INTERNATIONAL) LTD,1722669,Active,ltd,,12-05-1983,[46310],,MUSHROOM FARM,MANOR PARK,E12 6JS,OFF REYNOLDS AVENUE,London,,46310,,,,TRUE,,,,,,,,,,,,,,,,,,,,,,,,,,,,,,,,
AGRINURTURE UK LIMITED,13612854,Active,ltd,,09-09-2021,[46310],,12A C/O KBN ACCOUNTANTS LIMITED,READING,RG1 7RD,CASTLE STREET,,ENGLAND,46310,,,,TRUE,,,,,,,,,,,,,,,,,,,,,,,,,,,,,,,,
AGRIPEP UK LTD,10258650,Active,ltd,,30-06-2016,[46310],,BRADFIELD HALL,MANNINGTREE,CO11 2QZ,STEAM MILL ROAD,Essex,ENGLAND,46310,,,,TRUE,,,,,,,,,,,,,,,,,,,,,,,,,,,,,,,,
AGRO FOOD LIMITED,9789467,Active - Proposal to Strike off,ltd,,22-09-2015,[46310],,UNIT C 9 A CRISPIN INDUSTRIAL CENTRE,LONDON,N18 3AH,ANGEL ROAD,,ENGLAND,46310,,,,TRUE,,,,,,,,,,,,,,,,,,,,,,,,,,,,,,,,
AGROEUVIS LIMITED,13931450,Active,ltd,,22-02-2022,[46310],,14 VICTOR GROVE,WEMBLEY,HA0 4JJ,,,ENGLAND,46310,,,,TRUE,,,,,,,,,,,,,,,,,,,,,,,,,,,,,,,,
AGROFRESH LTD,11298237,Active,ltd,,07-04-2018,[46310],,KEMP HOUSE,LONDON,EC1V 2NX,160 CITY ROAD,,UNITED KINGDOM,46310,,,,TRUE,,,,,,,,,,,,,,,,,,,,,,,,,,,,,,,,
AGROLIBANO UK LTD,10704891,Active,ltd,,03-04-2017,[46310],,CLAY LAKE PRODUCE PARK,SPALDING,PE12 6BL,CLAY LAKE,Lincolnshire,UNITED KINGDOM,46310,,,,TRUE,,,,,,,,,,,,,,,,,,,,,,,,,,,,,,,,
AGROMARK FRESH PRODUCE UK LIMITED,11919383,Active,ltd,,01-04-2019,[46310],,"OFFICES, A E LENTON LIMITED CHURCH END",BOSTON,PE22 8NE,FRISKNEY,Lincolnshire,ENGLAND,46310,,,,TRUE,,,,,,,,,,,,,,,,,,,,,,,,,,,,,,,,
AGROSPHERE LIMITED,13660173,Active,ltd,,04-10-2021,[46310],,71-75 SHELTON STREET,LONDON,WC2H 9JQ,COVENT GARDEN,United Kingdom,ENGLAND,46310,,,,TRUE,,,,,,,,,,,,,,,,,,,,,,,,,,,,,,,,
AGROTOMY UK LIMITED,13043163,Active,ltd,,25-11-2020,[46310],,LYNWOOD HOUSE,ORPINGTON,BR6 8QE,CROFTON ROAD,Kent,UNITED KINGDOM,46310,,,,TRUE,,,,,,,,,,,,,,,,,,,,,,,,,,,,,,,,
AGROVISION UK LIMITED,13542221,Active,ltd,,02-08-2021,[46310],,HIGHLANDS HOUSE BASINGSTOKE ROAD,READING,RG7 1NT,SPENCERS WOOD,Berkshire,UNITED KINGDOM,46310,,,,TRUE,,,,,,,,,,,,,,,,,,,,,,,,,,,,,,,,
AGROVIT LTD,11100232,Active,ltd,,06-12-2017,[46310],,128 CITY ROAD,LONDON,EC1V 2NX,,,UNITED KINGDOM,46310,,,,TRUE,,,,,,,,,,,,,,,,,,,,,,,,,,,,,,,,
AGTN LTD,13762039,Active,ltd,,24-11-2021,[46310],,21 THAMES ROAD,BARKING,IG11 0HN,,,ENGLAND,46310,,,,TRUE,,,,,,,,,,,,,,,,,,,,,,,,,,,,,,,,
AGYAD LIMITED,14163376,Active,ltd,,09-06-2022,[46310],,APARTMENT 11,MANCHESTER,M15 6FD,114 BOUNDARY LANE,,ENGLAND,46310,,,,TRUE,,,,,,,,,,,,,,,,,,,,,,,,,,,,,,,,
AHMAD &SONS LTD,13249507,Active,ltd,,08-03-2021,[46310],,187 WELL STREET,LONDON,E9 6QU,,,ENGLAND,46310,,,,TRUE,,,,,,,,,,,,,,,,,,,,,,,,,,,,,,,,
AHMED EXOTIC LIMITED,3640011,Active,ltd,,29-09-1998,[46310],,P52-P53A WESTERN INTERNATIONAL,SOUTHALL,UB2 5XJ,MARKET HAYES ROAD,Middlsex,,46310,,,,TRUE,,,,,,,,,,,,,,,,,,,,,,,,,,,,,,,,
AI INTERNATIONAL FRUITS & VEG LTD,13082063,Active,ltd,,15-12-2020,[46310],,RUPOSHI,LUTON,LU1 1EW,160 DUNSTABLE ROAD,Bedfordshire,UNITED KINGDOM,46310,,,,TRUE,,,,,,,,,,,,,,,,,,,,,,,,,,,,,,,,
AIA VEG LTD,12463136,Active,ltd,,14-02-2020,[46310],,269A MAWNEY ROAD,ROMFORD,RM7 8DS,,Essex,ENGLAND,46310,,,,TRUE,,,,,,,,,,,,,,,,,,,,,,,,,,,,,,,,
AIDA UK TRADING LTD,12266341,Active,ltd,,16-10-2019,[46310],,4A STATION PARADE,LONDON,W5 3LD,UXBRIDGE ROAD,,ENGLAND,46310,,,,TRUE,,,,,,,,,,,,,,,,,,,,,,,,,,,,,,,,
AIN BROS TRADING LTD,14202202,Active,ltd,,28-06-2022,[46310],,32 RUGBY ROAD,DAGENHAM,RM9 4AL,,,ENGLAND,46310,,,,TRUE,,,,,,,,,,,,,,,,,,,,,,,,,,,,,,,,
,,,,,,,,,,,,,,,,,,,,,,,,,,,,,,,,,,,,,,,,,,,,,,,,,,
,,,,,,,,,,,,,,,,,,,,,,,,,,,,,,,,,,,,,,,,,,,,,,,,,,
,,,,,,,,,,,,,,,,,,,,,,,,,,,,,,,,,,,,,,,,,,,,,,,,,,
,,,,,,,,,,,,,,,,,,,,,,,,,,,,,,,,,,,,,,,,,,,,,,,,,,
,,,,,,,,,,,,,,,,,,,,,,,,,,,,,,,,,,,,,,,,,,,,,,,,,,
,,,,,,,,,,,,,,,,,,,,,,,,,,,,,,,,,,,,,,,,,,,,,,,,,,
,,,,,,,,,,,,,,,,,,,,,,,,,,,,,,,,,,,,,,,,,,,,,,,,,,
,,,,,,,,,,,,,,,,,,,,,,,,,,,,,,,,,,,,,,,,,,,,,,,,,,
,,,,,,,,,,,,,,,,,,,,,,,,,,,,,,,,,,,,,,,,,,,,,,,,,,
,,,,,,,,,,,,,,,,,,,,,,,,,,,,,,,,,,,,,,,,,,,,,,,,,,
,,,,,,,,,,,,,,,,,,,,,,,,,,,,,,,,,,,,,,,,,,,,,,,,,,
,,,,,,,,,,,,,,,,,,,,,,,,,,,,,,,,,,,,,,,,,,,,,,,,,,
,,,,,,,,,,,,,,,,,,,,,,,,,,,,,,,,,,,,,,,,,,,,,,,,,,
,,,,,,,,,,,,,,,,,,,,,,,,,,,,,,,,,,,,,,,,,,,,,,,,,,
,,,,,,,,,,,,,,,,,,,,,,,,,,,,,,,,,,,,,,,,,,,,,,,,,,
,,,,,,,,,,,,,,,,,,,,,,,,,,,,,,,,,,,,,,,,,,,,,,,,,,
,,,,,,,,,,,,,,,,,,,,,,,,,,,,,,,,,,,,,,,,,,,,,,,,,,
,,,,,,,,,,,,,,,,,,,,,,,,,,,,,,,,,,,,,,,,,,,,,,,,,,
,,,,,,,,,,,,,,,,,,,,,,,,,,,,,,,,,,,,,,,,,,,,,,,,,,
,,,,,,,,,,,,,,,,,,,,,,,,,,,,,,,,,,,,,,,,,,,,,,,,,,
,,,,,,,,,,,,,,,,,,,,,,,,,,,,,,,,,,,,,,,,,,,,,,,,,,
,,,,,,,,,,,,,,,,,,,,,,,,,,,,,,,,,,,,,,,,,,,,,,,,,,
,,,,,,,,,,,,,,,,,,,,,,,,,,,,,,,,,,,,,,,,,,,,,,,,,,
,,,,,,,,,,,,,,,,,,,,,,,,,,,,,,,,,,,,,,,,,,,,,,,,,,
,,,,,,,,,,,,,,,,,,,,,,,,,,,,,,,,,,,,,,,,,,,,,,,,,,
,,,,,,,,,,,,,,,,,,,,,,,,,,,,,,,,,,,,,,,,,,,,,,,,,,
,,,,,,,,,,,,,,,,,,,,,,,,,,,,,,,,,,,,,,,,,,,,,,,,,,
,,,,,,,,,,,,,,,,,,,,,,,,,,,,,,,,,,,,,,,,,,,,,,,,,,
,,,,,,,,,,,,,,,,,,,,,,,,,,,,,,,,,,,,,,,,,,,,,,,,,,
,,,,,,,,,,,,,,,,,,,,,,,,,,,,,,,,,,,,,,,,,,,,,,,,,,
,,,,,,,,,,,,,,,,,,,,,,,,,,,,,,,,,,,,,,,,,,,,,,,,,,
,,,,,,,,,,,,,,,,,,,,,,,,,,,,,,,,,,,,,,,,,,,,,,,,,,
,,,,,,,,,,,,,,,,,,,,,,,,,,,,,,,,,,,,,,,,,,,,,,,,,,
,,,,,,,,,,,,,,,,,,,,,,,,,,,,,,,,,,,,,,,,,,,,,,,,,,
,,,,,,,,,,,,,,,,,,,,,,,,,,,,,,,,,,,,,,,,,,,,,,,,,,
,,,,,,,,,,,,,,,,,,,,,,,,,,,,,,,,,,,,,,,,,,,,,,,,,,
,,,,,,,,,,,,,,,,,,,,,,,,,,,,,,,,,,,,,,,,,,,,,,,,,,
,,,,,,,,,,,,,,,,,,,,,,,,,,,,,,,,,,,,,,,,,,,,,,,,,,
,,,,,,,,,,,,,,,,,,,,,,,,,,,,,,,,,,,,,,,,,,,,,,,,,,
,,,,,,,,,,,,,,,,,,,,,,,,,,,,,,,,,,,,,,,,,,,,,,,,,,
,,,,,,,,,,,,,,,,,,,,,,,,,,,,,,,,,,,,,,,,,,,,,,,,,,
,,,,,,,,,,,,,,,,,,,,,,,,,,,,,,,,,,,,,,,,,,,,,,,,,,
,,,,,,,,,,,,,,,,,,,,,,,,,,,,,,,,,,,,,,,,,,,,,,,,,,
,,,,,,,,,,,,,,,,,,,,,,,,,,,,,,,,,,,,,,,,,,,,,,,,,,
,,,,,,,,,,,,,,,,,,,,,,,,,,,,,,,,,,,,,,,,,,,,,,,,,,
,,,,,,,,,,,,,,,,,,,,,,,,,,,,,,,,,,,,,,,,,,,,,,,,,,
,,,,,,,,,,,,,,,,,,,,,,,,,,,,,,,,,,,,,,,,,,,,,,,,,,
,,,,,,,,,,,,,,,,,,,,,,,,,,,,,,,,,,,,,,,,,,,,,,,,,,
,,,,,,,,,,,,,,,,,,,,,,,,,,,,,,,,,,,,,,,,,,,,,,,,,,
,,,,,,,,,,,,,,,,,,,,,,,,,,,,,,,,,,,,,,,,,,,,,,,,,,
,,,,,,,,,,,,,,,,,,,,,,,,,,,,,,,,,,,,,,,,,,,,,,,,,,
,,,,,,,,,,,,,,,,,,,,,,,,,,,,,,,,,,,,,,,,,,,,,,,,,,
,,,,,,,,,,,,,,,,,,,,,,,,,,,,,,,,,,,,,,,,,,,,,,,,,,
,,,,,,,,,,,,,,,,,,,,,,,,,,,,,,,,,,,,,,,,,,,,,,,,,,
,,,,,,,,,,,,,,,,,,,,,,,,,,,,,,,,,,,,,,,,,,,,,,,,,,
,,,,,,,,,,,,,,,,,,,,,,,,,,,,,,,,,,,,,,,,,,,,,,,,,,
,,,,,,,,,,,,,,,,,,,,,,,,,,,,,,,,,,,,,,,,,,,,,,,,,,
,,,,,,,,,,,,,,,,,,,,,,,,,,,,,,,,,,,,,,,,,,,,,,,,,,
,,,,,,,,,,,,,,,,,,,,,,,,,,,,,,,,,,,,,,,,,,,,,,,,,,
,,,,,,,,,,,,,,,,,,,,,,,,,,,,,,,,,,,,,,,,,,,,,,,,,,
,,,,,,,,,,,,,,,,,,,,,,,,,,,,,,,,,,,,,,,,,,,,,,,,,,
,,,,,,,,,,,,,,,,,,,,,,,,,,,,,,,,,,,,,,,,,,,,,,,,,,
,,,,,,,,,,,,,,,,,,,,,,,,,,,,,,,,,,,,,,,,,,,,,,,,,,
,,,,,,,,,,,,,,,,,,,,,,,,,,,,,,,,,,,,,,,,,,,,,,,,,,
,,,,,,,,,,,,,,,,,,,,,,,,,,,,,,,,,,,,,,,,,,,,,,,,,,
,,,,,,,,,,,,,,,,,,,,,,,,,,,,,,,,,,,,,,,,,,,,,,,,,,
,,,,,,,,,,,,,,,,,,,,,,,,,,,,,,,,,,,,,,,,,,,,,,,,,,
,,,,,,,,,,,,,,,,,,,,,,,,,,,,,,,,,,,,,,,,,,,,,,,,,,
,,,,,,,,,,,,,,,,,,,,,,,,,,,,,,,,,,,,,,,,,,,,,,,,,,
,,,,,,,,,,,,,,,,,,,,,,,,,,,,,,,,,,,,,,,,,,,,,,,,,,
,,,,,,,,,,,,,,,,,,,,,,,,,,,,,,,,,,,,,,,,,,,,,,,,,,
,,,,,,,,,,,,,,,,,,,,,,,,,,,,,,,,,,,,,,,,,,,,,,,,,,
,,,,,,,,,,,,,,,,,,,,,,,,,,,,,,,,,,,,,,,,,,,,,,,,,,
